model_name,final_ll,rho_squared_bar,market_share_accuracy,choice_accuracy,vot,n_parameters,n_observations,actual_shares,predicted_shares,confusion_matrix
NestedLogitModel_L,-67923.41889004524,0.39562330535713064,0.9999692358774214,0.6410724416052093,,14,81086,"{1: np.float64(0.17596132501294923), 2: np.float64(0.029659867301383716), 3: np.float64(0.352773598401697), 4: np.float64(0.4416052092839701)}","{1: np.float64(0.1759597984691965), 2: np.float64(0.029660324234448907), 3: np.float64(0.3527443608228711), 4: np.float64(0.44163551647348354)}","{1: {1: 9847, 2: 509, 3: 2093, 4: 4108}, '2': {1: 0, 2: 0, 3: 0, 4: 0}, 3: {1: 651, 2: 782, 3: 15329, 4: 4894}, 4: {1: 3770, 2: 1114, 3: 11183, 4: 26806}}"
MultinomialLogitModel_L,-67929.36182237261,0.39557933263707945,0.9999985687756662,0.6416890708630343,,13,81086,"{1: np.float64(0.17596132501294923), 2: np.float64(0.029659867301383716), 3: np.float64(0.352773598401697), 4: np.float64(0.4416052092839701)}","{1: np.float64(0.17596275623728305), 2: np.float64(0.02965978774007694), 3: np.float64(0.35277305013596666), 4: np.float64(0.4416044058866733)}","{1: {1: 9848, 2: 511, 3: 2114, 4: 4076}, '2': {1: 0, 2: 0, 3: 0, 4: 0}, 3: {1: 624, 2: 773, 3: 15291, 4: 4839}, 4: {1: 3796, 2: 1121, 3: 11200, 4: 26893}}"
MultinomialLogitModelTotal_L,-71921.83191948157,0.3601242729182643,0.9999998463629735,0.16542929728929778,3375.674348236793,6,81086,"{1: np.float64(0.17596132501294923), 2: np.float64(0.029659867301383716), 3: np.float64(0.352773598401697), 4: np.float64(0.4416052092839701)}","{1: np.float64(0.17596147465852388), 2: np.float64(0.02965987129283557), 3: np.float64(0.35277355228902313), 4: np.float64(0.4416051017596174)}","{1: {1: 8562, 2: 466, 3: 1984, 4: 3323}, '2': {1: 0, 2: 0, 3: 0, 4: 0}, 2: {1: 0, 2: 0, 3: 1, 4: 0}, 3: {1: 998, 2: 817, 3: 14976, 4: 4851}, 4: {1: 4708, 2: 1122, 3: 11644, 4: 27634}}"
