model_name,final_ll,rho_squared_bar,market_share_accuracy,choice_accuracy,vot,n_parameters,n_observations,actual_shares,predicted_shares,confusion_matrix
MixedLogitModel_MC,-2982.4602368642463,0.4522823241403944,0.9276869804042471,0.7474560592044404,89.35690925277117,6,4324,"{1: np.float64(0.1440795559666975), 2: np.float64(0.5117946345975948), 3: np.float64(0.0037002775208140612), 4: np.float64(0.3404255319148936)}","{1: np.float64(0.07388187974617083), 2: np.float64(0.5288793564590313), 3: np.float64(0.0015849341455878426), 4: np.float64(0.39565382964921003)}","{1: {1: 0, 2: 69, 3: 0, 4: 1}, 2: {1: 401, 2: 1882, 3: 14, 4: 121}, '3': {1: 0, 2: 0, 3: 0, 4: 0}, 4: {1: 222, 2: 262, 3: 2, 4: 1350}}"
MultinomialLogitModel_MC,-3121.2406148256414,0.4270302737817596,0.9999981661643182,0.7483811285846439,30.282120885519998,5,4324,"{1: np.float64(0.1440795559666975), 2: np.float64(0.5117946345975948), 3: np.float64(0.0037002775208140612), 4: np.float64(0.3404255319148936)}","{1: np.float64(0.1440795791934861), 2: np.float64(0.5117964452064879), 3: np.float64(0.003698663752294485), 4: np.float64(0.34042531184773145)}","{1: {1: 0, 2: 43, 3: 0, 4: 1}, 2: {1: 407, 2: 1921, 3: 14, 4: 156}, '3': {1: 0, 2: 0, 3: 0, 4: 0}, 4: {1: 216, 2: 249, 3: 2, 4: 1315}}"
NestedLogitModel3_MC,-3121.2406140402395,0.42684699637390777,0.8038084496172826,0.49121184088806663,30.282363816623896,6,4324,"{1: np.float64(0.1440795559666975), 2: np.float64(0.5117946345975948), 3: np.float64(0.0037002775208140612), 4: np.float64(0.3404255319148936)}","{1: np.float64(0.10692952381872117), 2: np.float64(0.3527531163628537), 3: np.float64(0.14360190544014087), 4: np.float64(0.3967154543782843)}","{1: {1: 0, 2: 35, 3: 0, 4: 20}, 2: {1: 315, 2: 1216, 3: 8, 4: 132}, 3: {1: 85, 2: 159, 3: 0, 4: 412}, 4: {1: 223, 2: 803, 3: 8, 4: 908}}"
